{"cameraMode":{"drawMode":0,"name":"Shaded","section":"Shading Mode"},"sceneLighting":true,"audioPlay":false,"sceneViewState":{"m_AlwaysRefresh":false,"showFog":true,"showSkybox":true,"showFlares":true,"showImageEffects":true,"showParticleSystems":true,"showVisualEffectGraphs":true,"m_FxEnabled":true},"in2DMode":false,"pivot":{"x":-2.635814666748047,"y":2.8537466526031496,"z":13.56932258605957},"rotation":{"x":0.059199005365371707,"y":0.18753226101398469,"z":-0.011331084184348584,"w":0.9804143309593201},"size":13.009818077087403,"orthographic":false}