{"cameraMode":{"drawMode":0,"name":"Shaded","section":"Shading Mode"},"sceneLighting":false,"audioPlay":false,"sceneViewState":{"m_AlwaysRefresh":false,"showFog":true,"showSkybox":false,"showFlares":true,"showImageEffects":true,"showParticleSystems":true,"showVisualEffectGraphs":true,"m_FxEnabled":true},"in2DMode":false,"pivot":{"x":-0.029556453227996827,"y":-0.5980675220489502,"z":0.3113161325454712},"rotation":{"x":-0.06028448045253754,"y":0.9225803017616272,"z":-0.16103695333003999,"w":-0.3453674614429474},"size":1.1660254001617432,"orthographic":false}